{"coefficients": {"class_0_coefficients": [0.0, -0.00645250189275927, -0.01755581745605611, 0.08830063909847077, 0.030259020893435302, -0.04854779483774483, -0.1477800341457843, -0.02153749559069437, -4.089244236272367e-05, -0.07648915472357053, 0.004546255419962149, 0.18115192026626403, 0.0032042788202054167, 0.07959776066595234, -0.05513113211309813, -0.01971422425892612, -0.0006483156157253653, 0.006204019454578105, 0.09864782877170085, -0.037060256943325036, -0.360700063305658, 0.1556752851159549, 0.052829274346979184, -0.005147821316872986, -0.0003217496991410857, 0.14723874376148427, 0.1276265471221861, -0.08224749157875894, -0.401593561314871, 0.05846087840392455, 0.056025156749693765, -0.00018425451646170987, 0.0, 0.17911594328966793, 0.055759159345477, -0.12374683160171736, -0.35791669635742895, 0.05144091046446509, 0.05896830763475187, 0.0, -0.00040958208116971095, -0.05062140407608043, 0.2612046983626157, -0.20561193423929464, -0.14864230697341496, 0.08595723719250978, 0.028448347833968844, -0.00022281264650595017, -0.001416773111466733, -0.13719715086369974, 0.12064357678219824, -0.09509118630257733, 0.17846433913176424, 0.011905245615558637, -0.01707994133774732, -0.0045820152633081045, -5.169764613888979e-06, -0.007074598461777665, -0.07454336606508333, 0.21418277024158577, -0.033007844678430945, -0.0553806932232788, -0.012909936787739565, -0.009989175145542288], "class_1_coefficients": [0.0, 0.0012659987222604979, -0.10808117364350776, 0.13111723065240727, -0.6861520146397647, 0.3867836597737269, 0.00035941021992996953, -0.016304536632043284, -0.0002995883071264773, -0.3608384901019328, -0.3385297635263604, -0.36164351810864936, 0.2700611056750813, -0.11341007195939365, -0.28613642119783667, -0.029879339535737508, 0.08485249566134416, 0.28413673815437, -0.0031559072579978274, 0.641977099224266, 0.13936084678469346, -0.15150317418417358, -0.017127633797961905, -0.0014849694473400828, 0.012787322118361371, -0.09693637070331472, -0.049807840167849504, 0.05063046701317149, 0.2603056058666842, 0.09280253087807906, -0.06573845375128576, -2.2080115322770022e-05, 0.0, -0.08005030175491971, 0.13902425575875446, -0.1466184278696252, 0.135569087809903, 0.1450546987086637, -0.10144871216596137, 0.0, -0.00010022448396325884, -0.15276354236961587, 0.09720075213226209, 0.32913973157026194, -0.03299334389686452, -0.12019613148166698, -0.5252658301379928, -0.0010471461229527262, -0.0005815300704592336, -0.21954785783037095, -0.15840421640344482, 0.13006793588176502, 0.21632065004607265, -0.0907754153735089, -0.23139965855702146, 0.2199533907689855, -0.00017310344680250856, 0.014184817973020406, -0.20049238447164472, 0.023449428015112135, 0.13038638567952507, 0.18177193962958307, 0.12393715761184741, 0.1893739735339786], "class_2_coefficients": [0.0, 0.04651733080594957, 0.04095257098826508, -0.03262350333035311, 0.12480430622557462, -0.019695810582855657, 0.009657223494191104, -0.0013035067468425714, -0.03335511495716206, 0.18320720532709223, 0.020938078366888907, -0.21745217622263419, 0.3316389274477141, 0.01824980298988534, -0.0011013068927532236, -0.0012009229015625326, -0.015720669842144396, -0.027105948358095086, -0.1167496576974299, -0.2386174476420195, 0.2863709078622465, -0.06779775743682079, 0.18436790715885296, -0.000342788363710278, -1.638192293955083e-05, -0.11965137879029096, -0.5200610412369496, -0.44134940242820503, -0.22120193527507356, -0.08619705370032661, 0.08012152738996685, -1.4373304497745946e-05, 0.0, -0.1065892424164352, -0.411644697520895, -0.11034045766365569, -0.02757604874495713, -0.24426803401534614, -0.21542341122637948, 0.0, -7.184951085887183e-05, 0.09410811688076662, 0.08474909798896506, 0.36876572147284703, -0.3156638590402224, -0.25518655417619374, -0.08846512643243673, -0.00013734504393978766, 0.0014349097587828287, 0.07610956290454396, 0.07670321500839722, 0.477229969641799, 0.3301990984742636, 0.3267497479565227, 0.17189655649069063, 0.004194971413838221, 0.0004943273844487576, 0.037169788028435014, 0.2026043334870888, 0.02841212008743671, 0.09389489579180613, 0.26480245389260515, 0.366294036447769, 0.20412036108369924], "class_3_coefficients": [0.0, 0.1715115069635269, -0.04521888801845612, 0.024601413963503738, 0.45724534893453045, 0.11651809700408562, -0.024529658812968893, -0.003141870116737, -0.011071519017191764, 0.07826577568485492, 0.34026338850959004, 0.06516157243707643, 0.25145244218234863, 0.1552917327725507, 0.22489708453214743, -0.016346250573433106, -0.006305977745970467, -0.0023847004193115516, -0.38596961894601606, -0.5126477608299398, 0.061455201448722435, -0.25892631283130135, -0.022131845759492865, -0.0004679907688796201, -9.591336156310883e-06, -0.31052050810218595, -0.3853499229809443, -0.11441153531150651, 0.31480120126750366, -0.27172434949937013, -0.33502263032257956, -1.4370006454118081e-05, 0.0, -0.09025145137951689, -0.11356846168114886, 0.05998658047967317, -0.0038628260702549223, -0.14118710164933623, -0.043114231594433824, 0.0, -7.182709690076885e-05, 0.02014608556027743, -0.3342900628218368, -0.46522912145300294, 0.12840195931131926, 0.2555635619149488, 0.13659743777227565, -0.0003178079916794283, -6.609098607109496e-05, -0.014925847253734501, 0.08709432507513121, -0.1484090799090417, -0.02210052955663504, 0.20983914672912402, 0.351025171491814, -0.06803446029657101, -6.061392182008655e-06, 0.13386291616343385, 0.19454255889942787, 0.0028053877169945908, -0.04631512671967584, 0.010179393236280258, 0.17449535075332842, -0.1882671129228091], "class_4_coefficients": [0.0, -0.018355624291367577, -0.12182163961529516, -0.3273402196870688, -0.25718859765353536, -0.39050871348267047, -0.17609333846521494, 0.06988853935896089, -4.0168886101567113e-05, 0.049713562138865214, -0.113389889092971, -0.17641389111756442, -0.4437784683499336, -0.10694846406982816, -0.14744773438246941, 0.06194570805314826, -0.0036098696904466676, 0.29654990941194376, 0.12232896113786988, 0.22035535467137965, -0.0019371164931651771, 0.16300661451709264, -0.05840052858856158, 0.042277807385530664, 0.027970661879060197, 0.05587736406329849, 0.4389603651158845, 0.058023170474741155, 0.06259130888400728, 0.07405364194694718, 0.41809368975711725, 0.0013476454152911645, 0.0, 0.2139628986931161, 0.25032900097754585, -0.16945952046871024, 0.29813000488253766, 0.17882462599247065, 0.25383034206135985, 0.0, 0.0012126473634262223, 0.504989079462961, -0.06311189335998116, 0.592992792947178, 0.3941930230831571, 0.13760842112459318, 0.14370759278155432, -0.0002918449689949813, 0.002330090798249695, 0.25664298846520583, -0.17963045253717974, -0.005612648989186965, -0.003070766378018632, -0.31928660089774213, -0.2670318007949664, -0.005471451150589851, -7.1571036380333065e-06, -0.07824575110140333, -0.05922103895455994, -0.2524621763172448, -0.07283668681278965, -0.2199467204948779, -0.02981788752860248, -0.0039423378351076165],