{"coefficients": {"class_0_coefficients": [0.0, -0.0038686553545807033, -0.01046367366258733, 0.08057497362652402, 0.022974965051034635, -0.04460670421744946, -0.14489575051257703, -0.02342173997453963, -1.1046786902127476e-05, -0.07294274192961744, 0.000808759434920321, 0.18503579085491784, -0.002466161957131353, 0.07815280216005784, -0.05571944700886649, -0.021548369104004074, -0.000904507317434096, 0.005844578963344497, 0.09359661746472388, -0.03379946873524879, -0.34916377568195617, 0.1591513011707295, 0.049176325779020334, -0.005559984663761693, -0.00045176704105895626, 0.14402586188518707, 0.13701366991982178, -0.08182759035884912, -0.4022709082252849, 0.05453718980809709, 0.05414470544002068, -3.824068268525792e-05, 0.0, 0.18178579089549973, 0.04175620321836725, -0.11789812250588495, -0.3644732302638105, 0.05087677062006594, 0.055753717671185817, 0.0, -8.057550382353964e-05, -0.05243086002059772, 0.26192440449843524, -0.19206445951978438, -0.15371069393609177, 0.09380537992581145, 0.02531118693181449, -4.5698755141266136e-05, -0.0002775963164325695, -0.14016165580574583, 0.13130733628013455, -0.09812939816474218, 0.18079787159302876, 0.005358568727120355, -0.010055609912240073, -0.0043041369639001395, -1.041188692262246e-06, -0.004721316164144818, -0.06333910377770337, 0.2137287421512546, -0.0464475470653794, -0.035536716274562834, -0.008962447360493805, -0.010457614511014209], "class_1_coefficients": [0.0, 0.002659349797179979, -0.10523391307127691, 0.12606199226952441, -0.681330165879588, 0.3875100992003565, -0.0068099282243830675, -0.015920634624405045, -8.226532168312848e-05, -0.36808381783958677, -0.3304683462796794, -0.3591577310888815, 0.2787925110121477, -0.11573515691720286, -0.28120016649088697, -0.031123572104528086, 0.08704575318977724, 0.2777594552020447, -0.003598887868300226, 0.6370880737696242, 0.14094346964445809, -0.15242068886217475, -0.008227725324215517, -0.0008124637657594064, 0.010602168860781327, -0.08965266371384525, -0.0532902389846976, 0.04996002364687909, 0.25553583632277727, 0.09477366264618127, -0.07816224401742991, -4.424364681429573e-06, 0.0, -0.08010704462397009, 0.1403111503628534, -0.14994946922227226, 0.13737126656685153, 0.14506168990256899, -0.09076881856807417, 0.0, -2.3334421707429092e-05, -0.15306417090487506, 0.09378455561556412, 0.3282054846407929, -0.03615004550243417, -0.12084812568187024, -0.5281046332005032, -0.0007771833881013373, -0.00014194058965420186, -0.22775501928552488, -0.16008275676554012, 0.12890458351308343, 0.21206017587963458, -0.09235897771500833, -0.2399259998924282, 0.22153256445817923, -4.314645991994757e-05, 0.01642810296294963, -0.20651690382433324, 0.030322843198919067, 0.13143231629937197, 0.17802654176141455, 0.13311267239450564, 0.19016652865406017], "class_2_coefficients": [0.0, 0.04921073007833204, 0.030660675277441048, -0.03213035522073264, 0.13014717428005496, -0.025446490814112394, 0.013976118824899969, -0.000399426467224861, -0.03882814952583627, 0.18644550895830678, 0.02208049155301204, -0.22588707269331737, 0.33620719547605893, 0.018461732549608752, -0.0016266367188848586, -0.0002447648262653961, -0.01789799123068102, -0.026668463051017575, -0.11523729630864173, -0.23888994831374558, 0.288060813317507, -0.0642487560081611, 0.1920264450223297, -6.912777525659749e-05, -3.284103845369397e-06, -0.11606650225927838, -0.5124938170252961, -0.43524173794107734, -0.2211377626985537, -0.09142696462047273, 0.08940141971546016, -2.8994786494019924e-06, 0.0, -0.10800968519549829, -0.40582176823989297, -0.10073459150638439, -0.018618214253203657, -0.23644627259598883, -0.222228994848355, 0.0, -1.4493719907338681e-05, 0.09994924891304377, 0.08415633307587517, 0.36060601260153197, -0.32694859564401324, -0.2597605054856419, -0.08589389953997242, -3.0056403348486235e-05, 0.0005278003950467818, 0.0752461132389717, 0.06195941893552937, 0.48029228541940056, 0.32718596766629654, 0.3254911786404069, 0.17761934092187434, -5.555068662543894e-05, 0.0001791657778048142, 0.038393711964176715, 0.20764415317582643, 0.03270229846738089, 0.08381346030610555, 0.25510607656182965, 0.3714601692977783, 0.21247897507016153], "class_3_coefficients": [0.0, 0.17946806147976146, -0.05458924441231055, 0.022905914713152727, 0.46115209522383055, 0.1141356928481361, -0.02411570137592777, -0.0033974625026999645, -0.012724527165403092, 0.07270251519591597, 0.33702206289702386, 0.06673643572813649, 0.25152907781303674, 0.15357484298727647, 0.22014329825309153, -0.016266707247317186, -0.007784071633920112, 0.00939729444964602, -0.3850936641525371, -0.5116575838407991, 0.05772288232375327, -0.260163520991715, -0.023133717706537483, -0.00025572108016009925, -1.9346574122670402e-06, -0.3139786343299252, -0.3811722831949011, -0.11001913436333993, 0.31212879533364407, -0.2672918571407511, -0.33535264822101063, -2.898715679102786e-06, 0.0, -0.08900567219754803, -0.11945194027502738, 0.05950450003911545, -0.009190729709309738, -0.143820521533605, -0.03917994792164442, 0.0, -1.4489072957521317e-05, 0.018586653901812886, -0.32779355704355045, -0.467301334885, 0.13214140032214947, 0.2541446507951045, 0.13603783731385538, -6.872383368829799e-05, -1.3304209407675546e-05, -0.011647939658012743, 0.0865686755615467, -0.148412014448677, -0.0198445775461801, 0.2095035008816044, 0.34548043807841683, -0.06813782539541993, -1.2134963265820886e-06, 0.13612783872393874, 0.19468213989498998, 0.004095229472548111, -0.04059070210510937, 0.002571427450297934, 0.17768002502562322, -0.19466708938335667], "class_4_coefficients": [0.0, -0.01902230719207812, -0.12384228977340664, -0.31967926429857313, -0.2610103354108213, -0.3855801694960871, -0.174719787324274, 0.06782078257448164, -8.361813327637107e-06, 0.03725533639622121, -0.11471045505701938, -0.17497619304841827, -0.4365610874524334, -0.10764358286646615, -0.15300276631253942, 0.06720139514783757, -0.004598461639853988, 0.3003585742290413, 0.12475640818760994, 0.22093117008055785, -0.015488021434508122, 0.16557343282272366, -0.06636917412602593, 0.04881025458783755, 0.03065623330369479, 0.0543538452812452, 0.42745736237028026, 0.0660047769426058, 0.06630385476045582, 0.06622983432515232, 0.4176634218288335, 0.0007062913335611908, 0.0, 0.21877840122414452, 0.24965528911182844, -0.1629835084872425, 0.299213994196361, 0.18026362200735693, 0.2529383115511831, 0.0, 0.00024418459887489135, 0.5011978305707944, -0.06819058499437032, 0.5862045252672778, 0.39062544531774374, 0.13689649934739656, 0.144931958683967, -0.00017701978841512528, 0.0004570619702982311, 0.2554614705548902, -0.17905798691956357, -0.00585765086458918, -0.006140985473184291, -0.3155052815724849, -0.26867460432428736, -0.0047658318573183655, -1.4389325293054874e-06, -0.08456065115286038, -0.054658535383542935, -0.25756160129621913, -0.06737396221137146, -0.22582625563462136, -0.02265994751098141, -0.0032938592954745776],